Title,Price,Rating,Colors,Size,Gender,Timestamp
T-shirt 2,1634400,3.9,3,M,Women,2026-05-19T07:44:20.708932
Hoodie 3,7950080,4.8,3,L,Unisex,2026-05-19T07:44:20.709034
Pants 4,7476960,3.3,3,XL,Men,2026-05-19T07:44:20.709137
Outerwear 5,5145440,3.5,3,XXL,Women,2026-05-19T07:44:20.709232
Jacket 6,2453920,3.3,3,S,Unisex,2026-05-19T07:44:20.709326
Crewneck 7,6892000,4.3,3,M,Men,2026-05-19T07:44:20.709418
T-shirt 8,7802560,3.1,3,L,Women,2026-05-19T07:44:20.709511
Hoodie 9,3972160,3.2,3,XL,Unisex,2026-05-19T07:44:20.709609
Pants 10,3100160,4.2,3,XXL,Men,2026-05-19T07:44:20.709714
Jacket 12,8527840,3.9,3,M,Unisex,2026-05-19T07:44:20.709902
Crewneck 13,5447200,3.2,3,L,Men,2026-05-19T07:44:20.709993
T-shirt 14,3248800,3.8,3,XL,Women,2026-05-19T07:44:20.710084
Hoodie 15,2184160,3.6,3,XXL,Unisex,2026-05-19T07:44:20.710175
Outerwear 17,841600,3.8,3,M,Women,2026-05-19T07:44:20.710360
Jacket 18,5500000,3.8,3,L,Unisex,2026-05-19T07:44:20.710452
Crewneck 19,1308960,3.6,3,XL,Men,2026-05-19T07:44:20.710544
T-shirt 20,1325600,3.4,3,XXL,Women,2026-05-19T07:44:20.710637
Pants 22,4319680,4.9,3,M,Men,2026-05-19T07:44:21.782933
Outerwear 23,4655840,3.7,3,L,Women,2026-05-19T07:44:21.783029
Jacket 24,8223520,3.9,3,XL,Unisex,2026-05-19T07:44:21.783124
Crewneck 25,8322560,3.3,3,XXL,Men,2026-05-19T07:44:21.783218
T-shirt 26,7292320,4.6,3,S,Women,2026-05-19T07:44:21.783320
Hoodie 27,3551840,4.8,3,M,Unisex,2026-05-19T07:44:21.783413
Pants 28,5216160,4,3,L,Men,2026-05-19T07:44:21.783511
Outerwear 29,861600,3.1,3,XL,Women,2026-05-19T07:44:21.783604
Jacket 30,8610240,3.7,3,XXL,Unisex,2026-05-19T07:44:21.783700
T-shirt 32,6657920,3.4,3,M,Women,2026-05-19T07:44:21.783959
Hoodie 33,7248160,3.5,3,L,Unisex,2026-05-19T07:44:21.784090
Pants 34,8362720,3.8,3,XL,Men,2026-05-19T07:44:21.784205
Outerwear 35,1356160,3.8,3,XXL,Women,2026-05-19T07:44:21.784325
Jacket 36,7249280,3.7,3,S,Unisex,2026-05-19T07:44:21.784440
Crewneck 37,6006080,4,3,M,Men,2026-05-19T07:44:21.784555
T-shirt 38,4866080,3.2,3,L,Women,2026-05-19T07:44:21.784669
Hoodie 39,6431200,4.6,3,XL,Unisex,2026-05-19T07:44:21.784783
Pants 40,5853600,3.1,3,XXL,Men,2026-05-19T07:44:21.784899
Jacket 42,6744160,3.7,3,M,Unisex,2026-05-19T07:44:22.844215
Crewneck 43,2909600,4.5,3,L,Men,2026-05-19T07:44:22.844323
T-shirt 44,3312320,3,3,XL,Women,2026-05-19T07:44:22.844419
Hoodie 45,8693120,4.5,3,XXL,Unisex,2026-05-19T07:44:22.844511
Outerwear 47,6364640,3.2,3,M,Women,2026-05-19T07:44:22.844692
Jacket 48,4994720,3.4,3,L,Unisex,2026-05-19T07:44:22.844784
Crewneck 49,1071200,4,3,XL,Men,2026-05-19T07:44:22.844875
T-shirt 50,5932960,3.1,3,XXL,Women,2026-05-19T07:44:22.844964
Pants 52,1596480,4,3,M,Men,2026-05-19T07:44:22.845146
Outerwear 53,4470880,4.3,3,L,Women,2026-05-19T07:44:22.845240
Jacket 54,854560,4.2,3,XL,Unisex,2026-05-19T07:44:22.845331
Crewneck 55,1793760,3.6,3,XXL,Men,2026-05-19T07:44:22.845424
T-shirt 56,4643040,3.8,3,S,Women,2026-05-19T07:44:22.845518
Hoodie 57,3155360,4.9,3,M,Unisex,2026-05-19T07:44:22.845612
Pants 58,1637760,4.4,3,L,Men,2026-05-19T07:44:22.845703
Outerwear 59,2254240,4.6,3,XL,Women,2026-05-19T07:44:22.845793
Jacket 60,3375520,4.2,3,XXL,Unisex,2026-05-19T07:44:22.845883
T-shirt 62,1376480,3.8,3,M,Women,2026-05-19T07:44:23.906038
Hoodie 63,6479200,3.6,3,L,Unisex,2026-05-19T07:44:23.906135
Pants 64,7728480,4,3,XL,Men,2026-05-19T07:44:23.906230
Outerwear 65,2385920,4.1,3,XXL,Women,2026-05-19T07:44:23.906321
Jacket 66,4353120,3.5,3,S,Unisex,2026-05-19T07:44:23.906416
Crewneck 67,8470720,3.5,3,M,Men,2026-05-19T07:44:23.906510
T-shirt 68,8025280,4,3,L,Women,2026-05-19T07:44:23.906600
Hoodie 69,1027840,3.6,3,XL,Unisex,2026-05-19T07:44:23.906690
Pants 70,1171360,4.4,3,XXL,Men,2026-05-19T07:44:23.906778
Jacket 72,3776000,4.4,3,M,Unisex,2026-05-19T07:44:23.906956
Crewneck 73,2460320,3,3,L,Men,2026-05-19T07:44:23.907045
T-shirt 74,7704800,3.8,3,XL,Women,2026-05-19T07:44:23.907138
Hoodie 75,2101760,4.3,3,XXL,Unisex,2026-05-19T07:44:23.907228
Outerwear 77,861760,3.7,3,M,Women,2026-05-19T07:44:23.907411
Jacket 78,2716480,4.3,3,L,Unisex,2026-05-19T07:44:23.907507
Crewneck 79,3309600,4.6,3,XL,Men,2026-05-19T07:44:23.907600
T-shirt 80,4178400,4.5,3,XXL,Women,2026-05-19T07:44:23.907692
Pants 82,8315520,4.8,3,M,Men,2026-05-19T07:44:25.041849
Outerwear 83,3947840,3.7,3,L,Women,2026-05-19T07:44:25.042016
Jacket 84,2826080,4.8,3,XL,Unisex,2026-05-19T07:44:25.042171
Crewneck 85,4564160,3.5,3,XXL,Men,2026-05-19T07:44:25.042326
T-shirt 86,1670880,3.9,3,S,Women,2026-05-19T07:44:25.042482
Hoodie 87,7870240,4.3,3,M,Unisex,2026-05-19T07:44:25.042632
Pants 88,7590400,3.1,3,L,Men,2026-05-19T07:44:25.042783
Outerwear 89,4856320,3,3,XL,Women,2026-05-19T07:44:25.042929
Jacket 90,7160000,4,3,XXL,Unisex,2026-05-19T07:44:25.043083
T-shirt 92,5012320,3.5,3,M,Women,2026-05-19T07:44:25.043388
Hoodie 93,1365280,3.6,3,L,Unisex,2026-05-19T07:44:25.043550
Pants 94,1074880,4.3,3,XL,Men,2026-05-19T07:44:25.043708
Outerwear 95,6062240,3.5,3,XXL,Women,2026-05-19T07:44:25.043861
Jacket 96,4598240,4.9,3,S,Unisex,2026-05-19T07:44:25.044016
Crewneck 97,6113120,3.9,3,M,Men,2026-05-19T07:44:25.044174
T-shirt 98,8596960,3.1,3,L,Women,2026-05-19T07:44:25.044328
Hoodie 99,5028000,3.6,3,XL,Unisex,2026-05-19T07:44:25.044486
Pants 100,2217280,4.6,3,XXL,Men,2026-05-19T07:44:25.044640
Jacket 102,3840640,3.3,3,M,Unisex,2026-05-19T07:44:26.110924
Crewneck 103,2331680,3.5,3,L,Men,2026-05-19T07:44:26.111077
T-shirt 104,2374400,3.8,3,XL,Women,2026-05-19T07:44:26.111205
Hoodie 105,5019840,4.2,3,XXL,Unisex,2026-05-19T07:44:26.111360
Outerwear 107,6625120,4,3,M,Women,2026-05-19T07:44:26.111634
Jacket 108,5551680,4.8,3,L,Unisex,2026-05-19T07:44:26.111748
Crewneck 109,5886880,3.3,3,XL,Men,2026-05-19T07:44:26.111860
T-shirt 110,7197120,4.6,3,XXL,Women,2026-05-19T07:44:26.111976
Pants 112,4261920,3.3,3,M,Men,2026-05-19T07:44:26.112215
Outerwear 113,4472000,3.7,3,L,Women,2026-05-19T07:44:26.112329
Jacket 114,5386560,4.9,3,XL,Unisex,2026-05-19T07:44:26.112443
Crewneck 115,1933280,4.5,3,XXL,Men,2026-05-19T07:44:26.112556
T-shirt 116,3474560,3,3,S,Women,2026-05-19T07:44:26.112669
Hoodie 117,3376320,5,3,M,Unisex,2026-05-19T07:44:26.112782
Pants 118,5585440,3.2,3,L,Men,2026-05-19T07:44:26.112894
Outerwear 119,3561760,3.4,3,XL,Women,2026-05-19T07:44:26.113006
Jacket 120,7480320,4,3,XXL,Unisex,2026-05-19T07:44:26.113126
T-shirt 122,1961920,3.6,3,M,Women,2026-05-19T07:44:27.189653
Hoodie 123,4498080,3.8,3,L,Unisex,2026-05-19T07:44:27.189774
Pants 124,7023520,3.2,3,XL,Men,2026-05-19T07:44:27.189912
Outerwear 125,6998240,4.2,3,XXL,Women,2026-05-19T07:44:27.190055
Jacket 126,4426080,3.9,3,S,Unisex,2026-05-19T07:44:27.190171
Crewneck 127,8311680,4,3,M,Men,2026-05-19T07:44:27.190284
T-shirt 128,4466720,3.8,3,L,Women,2026-05-19T07:44:27.190415
Hoodie 129,2532480,4.5,3,XL,Unisex,2026-05-19T07:44:27.190531
Pants 130,6603520,4.8,3,XXL,Men,2026-05-19T07:44:27.190647
Jacket 132,6474880,4.2,3,M,Unisex,2026-05-19T07:44:27.190879
Crewneck 133,2016320,4.7,3,L,Men,2026-05-19T07:44:27.190993
T-shirt 134,5937440,3.2,3,XL,Women,2026-05-19T07:44:27.191106
Hoodie 135,5141440,4.7,3,XXL,Unisex,2026-05-19T07:44:27.191220
Outerwear 137,6988320,4.5,3,M,Women,2026-05-19T07:44:27.191446
Jacket 138,4635520,3.4,3,L,Unisex,2026-05-19T07:44:27.191558
Crewneck 139,8053120,4.5,3,XL,Men,2026-05-19T07:44:27.191674
T-shirt 140,6811040,3.5,3,XXL,Women,2026-05-19T07:44:27.191787
Pants 142,2325280,4.9,3,M,Men,2026-05-19T07:44:28.302440
Outerwear 143,3346560,4.9,3,L,Women,2026-05-19T07:44:28.302559
Jacket 144,5758240,4.3,3,XL,Unisex,2026-05-19T07:44:28.302674
Crewneck 145,3472800,4.8,3,XXL,Men,2026-05-19T07:44:28.302787
T-shirt 146,7688640,4.3,3,S,Women,2026-05-19T07:44:28.302900
Hoodie 147,3052800,5,3,M,Unisex,2026-05-19T07:44:28.303013
Pants 148,6033440,4.7,3,L,Men,2026-05-19T07:44:28.303125
Outerwear 149,3105920,3.2,3,XL,Women,2026-05-19T07:44:28.303248
Jacket 150,1500640,3.6,3,XXL,Unisex,2026-05-19T07:44:28.303366
T-shirt 152,6288640,4.2,3,M,Women,2026-05-19T07:44:28.303597
Hoodie 153,2660640,4.3,3,L,Unisex,2026-05-19T07:44:28.303760
Pants 154,2337440,3,3,XL,Men,2026-05-19T07:44:28.303887
Outerwear 155,3783200,4.1,3,XXL,Women,2026-05-19T07:44:28.304046
Jacket 156,6645120,3.6,3,S,Unisex,2026-05-19T07:44:28.304159
Crewneck 157,1105760,4,3,M,Men,2026-05-19T07:44:28.304280
T-shirt 158,7321120,4,3,L,Women,2026-05-19T07:44:28.304392
Hoodie 159,2371680,4.9,3,XL,Unisex,2026-05-19T07:44:28.304503
Pants 160,2802880,3.4,3,XXL,Men,2026-05-19T07:44:28.304619
Jacket 162,1543840,4.5,3,M,Unisex,2026-05-19T07:44:29.582561
Crewneck 163,7861920,4.4,3,L,Men,2026-05-19T07:44:29.582681
T-shirt 164,3512000,3.9,3,XL,Women,2026-05-19T07:44:29.582797
Hoodie 165,6921280,4.9,3,XXL,Unisex,2026-05-19T07:44:29.582913
Outerwear 167,3273760,3.1,3,M,Women,2026-05-19T07:44:29.583140
Jacket 168,870400,4.4,3,L,Unisex,2026-05-19T07:44:29.583255
Crewneck 169,8032800,4.7,3,XL,Men,2026-05-19T07:44:29.583367
T-shirt 170,6677920,4.5,3,XXL,Women,2026-05-19T07:44:29.583483
Pants 172,1566080,4.9,3,M,Men,2026-05-19T07:44:29.583717
Outerwear 173,7034560,4.6,3,L,Women,2026-05-19T07:44:29.583831
Jacket 174,6282240,3.3,3,XL,Unisex,2026-05-19T07:44:29.583947
Crewneck 175,8125120,4.5,3,XXL,Men,2026-05-19T07:44:29.584060
T-shirt 176,6104320,3.6,3,S,Women,2026-05-19T07:44:29.584175
Hoodie 177,1890400,4.6,3,M,Unisex,2026-05-19T07:44:29.584289
Pants 178,6184160,3,3,L,Men,2026-05-19T07:44:29.584404
Outerwear 179,5816640,3.5,3,XL,Women,2026-05-19T07:44:29.584525
Jacket 180,5552640,3.9,3,XXL,Unisex,2026-05-19T07:44:29.584640
T-shirt 182,2334880,3.8,3,M,Women,2026-05-19T07:44:30.652886
Hoodie 183,3904640,3.6,3,L,Unisex,2026-05-19T07:44:30.652981
Pants 184,7759520,4.5,3,XL,Men,2026-05-19T07:44:30.653075
Outerwear 185,7822880,3.2,3,XXL,Women,2026-05-19T07:44:30.653167
Jacket 186,6940480,4.2,3,S,Unisex,2026-05-19T07:44:30.653258
Crewneck 187,6663520,3.8,3,M,Men,2026-05-19T07:44:30.653349
T-shirt 188,3927840,4.4,3,L,Women,2026-05-19T07:44:30.653441
Hoodie 189,1946720,4,3,XL,Unisex,2026-05-19T07:44:30.653532
Pants 190,2220960,4.5,3,XXL,Men,2026-05-19T07:44:30.653621
Jacket 192,5066240,3.8,3,M,Unisex,2026-05-19T07:44:30.653866
Crewneck 193,7355680,4.1,3,L,Men,2026-05-19T07:44:30.653960
T-shirt 194,2818720,4.9,3,XL,Women,2026-05-19T07:44:30.654054
Hoodie 195,7208960,4.9,3,XXL,Unisex,2026-05-19T07:44:30.654151
Outerwear 197,5681600,4.9,3,M,Women,2026-05-19T07:44:30.654420
Jacket 198,5435040,4.5,3,L,Unisex,2026-05-19T07:44:30.654563
Crewneck 199,6744320,3.1,3,XL,Men,2026-05-19T07:44:30.654682
T-shirt 200,6289920,3.5,3,XXL,Women,2026-05-19T07:44:30.654788
Pants 202,5592480,3.3,3,M,Men,2026-05-19T07:44:31.721748
Outerwear 203,2144000,3.4,3,L,Women,2026-05-19T07:44:31.721869
Jacket 204,6031040,3.9,3,XL,Unisex,2026-05-19T07:44:31.722010
Crewneck 205,6434880,3.2,3,XXL,Men,2026-05-19T07:44:31.722139
T-shirt 206,4674720,4.5,3,S,Women,2026-05-19T07:44:31.722275
Hoodie 207,6101440,3.5,3,M,Unisex,2026-05-19T07:44:31.722482
Pants 208,4637600,3.1,3,L,Men,2026-05-19T07:44:31.722667
Outerwear 209,7980640,4.3,3,XL,Women,2026-05-19T07:44:31.722845
Jacket 210,7827360,4.7,3,XXL,Unisex,2026-05-19T07:44:31.723004
T-shirt 212,8794880,4.7,3,M,Women,2026-05-19T07:44:31.723327
Hoodie 213,5748000,3.6,3,L,Unisex,2026-05-19T07:44:31.723489
Pants 214,4315680,4.9,3,XL,Men,2026-05-19T07:44:31.723641
Outerwear 215,1449600,3.8,3,XXL,Women,2026-05-19T07:44:31.723791
Jacket 216,4576480,4.6,3,S,Unisex,2026-05-19T07:44:31.723940
Crewneck 217,5772960,4.8,3,M,Men,2026-05-19T07:44:31.724097
T-shirt 218,5600320,3.1,3,L,Women,2026-05-19T07:44:31.724266
Hoodie 219,5671040,4.6,3,XL,Unisex,2026-05-19T07:44:31.724424
Pants 220,3357600,3.2,3,XXL,Men,2026-05-19T07:44:31.724573
Jacket 222,7438080,3.4,3,M,Unisex,2026-05-19T07:44:32.792635
Crewneck 223,952960,4.8,3,L,Men,2026-05-19T07:44:32.792730
T-shirt 224,3534560,4.5,3,XL,Women,2026-05-19T07:44:32.792824
Hoodie 225,5232800,3.5,3,XXL,Unisex,2026-05-19T07:44:32.792916
Outerwear 227,6742560,4.8,3,M,Women,2026-05-19T07:44:32.793099
Jacket 228,8076800,4.5,3,L,Unisex,2026-05-19T07:44:32.793190
Crewneck 229,3101920,4.9,3,XL,Men,2026-05-19T07:44:32.793280
T-shirt 230,7133280,4.5,3,XXL,Women,2026-05-19T07:44:32.793506
Pants 232,8327360,4,3,M,Men,2026-05-19T07:44:32.793690
Outerwear 233,847360,4.8,3,L,Women,2026-05-19T07:44:32.793780
Jacket 234,1159200,4.5,3,XL,Unisex,2026-05-19T07:44:32.793872
Crewneck 235,6560320,3.4,3,XXL,Men,2026-05-19T07:44:32.793962
T-shirt 236,5492320,3.9,3,S,Women,2026-05-19T07:44:32.794051
Hoodie 237,4743520,3.1,3,M,Unisex,2026-05-19T07:44:32.794141
Pants 238,8301920,3.8,3,L,Men,2026-05-19T07:44:32.794230
Outerwear 239,7934080,3.1,3,XL,Women,2026-05-19T07:44:32.794329
Jacket 240,7600000,3.8,3,XXL,Unisex,2026-05-19T07:44:32.794431
T-shirt 242,4833600,3.4,3,M,Women,2026-05-19T07:44:33.893029
Hoodie 243,3371680,3.1,3,L,Unisex,2026-05-19T07:44:33.893224
Pants 244,8116160,3.1,3,XL,Men,2026-05-19T07:44:33.893411
Outerwear 245,1451680,4,3,XXL,Women,2026-05-19T07:44:33.893595
Jacket 246,8735040,3.1,3,S,Unisex,2026-05-19T07:44:33.893774
Crewneck 247,8769120,3,3,M,Men,2026-05-19T07:44:33.893966
T-shirt 248,2280000,4.5,3,L,Women,2026-05-19T07:44:33.894130
Hoodie 249,2149440,4.2,3,XL,Unisex,2026-05-19T07:44:33.894283
Pants 250,4314240,3.1,3,XXL,Men,2026-05-19T07:44:33.894490
Jacket 252,8408480,3.2,3,M,Unisex,2026-05-19T07:44:33.894938
Crewneck 253,1854720,3.9,3,L,Men,2026-05-19T07:44:33.895166
T-shirt 254,5984160,3.9,3,XL,Women,2026-05-19T07:44:33.895363
Hoodie 255,3668000,4.1,3,XXL,Unisex,2026-05-19T07:44:33.895507
Outerwear 257,7073120,5,3,M,Women,2026-05-19T07:44:33.895784
Jacket 258,2080640,4.7,3,L,Unisex,2026-05-19T07:44:33.895947
Crewneck 259,2275520,3.3,3,XL,Men,2026-05-19T07:44:33.896085
T-shirt 260,6271520,3.5,3,XXL,Women,2026-05-19T07:44:33.896221
Pants 262,1097760,3.4,3,M,Men,2026-05-19T07:44:35.350638
Outerwear 263,1878400,4.2,3,L,Women,2026-05-19T07:44:35.350757
Jacket 264,2063040,4.8,3,XL,Unisex,2026-05-19T07:44:35.350875
Crewneck 265,2483040,3.5,3,XXL,Men,2026-05-19T07:44:35.350992
T-shirt 266,4842080,4.6,3,S,Women,2026-05-19T07:44:35.351108
Hoodie 267,4086240,4.3,3,M,Unisex,2026-05-19T07:44:35.351223
Pants 268,5005120,3.6,3,L,Men,2026-05-19T07:44:35.351338
Outerwear 269,8073920,3.1,3,XL,Women,2026-05-19T07:44:35.351452
Jacket 270,2569120,4.2,3,XXL,Unisex,2026-05-19T07:44:35.351570
T-shirt 272,5811840,3.3,3,M,Women,2026-05-19T07:44:35.351800
Hoodie 273,5291360,4.9,3,L,Unisex,2026-05-19T07:44:35.351916
Pants 274,3669280,4.2,3,XL,Men,2026-05-19T07:44:35.352031
Outerwear 275,5575360,4.8,3,XXL,Women,2026-05-19T07:44:35.352147
Jacket 276,1013600,4.3,3,S,Unisex,2026-05-19T07:44:35.352320
Crewneck 277,2383680,4.7,3,M,Men,2026-05-19T07:44:35.352448
T-shirt 278,2087360,3.8,3,L,Women,2026-05-19T07:44:35.352563
Hoodie 279,5592320,4.7,3,XL,Unisex,2026-05-19T07:44:35.352690
Pants 280,7501440,3.9,3,XXL,Men,2026-05-19T07:44:35.352807
Jacket 282,2227040,3,3,M,Unisex,2026-05-19T07:44:36.434647
Crewneck 283,6633120,3.2,3,L,Men,2026-05-19T07:44:36.434836
T-shirt 284,6568000,3.6,3,XL,Women,2026-05-19T07:44:36.435029
Hoodie 285,3009120,3.2,3,XXL,Unisex,2026-05-19T07:44:36.435153
Outerwear 287,5273600,3.7,3,M,Women,2026-05-19T07:44:36.435506
Jacket 288,3123040,4.1,3,L,Unisex,2026-05-19T07:44:36.435699
Crewneck 289,888000,4,3,XL,Men,2026-05-19T07:44:36.435841
T-shirt 290,6425120,4.2,3,XXL,Women,2026-05-19T07:44:36.435981
Pants 292,2384480,3.9,3,M,Men,2026-05-19T07:44:36.436211
Outerwear 293,1176160,4.5,3,L,Women,2026-05-19T07:44:36.436325
Jacket 294,5947200,3.8,3,XL,Unisex,2026-05-19T07:44:36.436440
Crewneck 295,7266720,4.9,3,XXL,Men,2026-05-19T07:44:36.436556
T-shirt 296,1172160,3.1,3,S,Women,2026-05-19T07:44:36.436672
Hoodie 297,7801120,3.6,3,M,Unisex,2026-05-19T07:44:36.436796
Pants 298,2426080,4.8,3,L,Men,2026-05-19T07:44:36.436912
Outerwear 299,1947840,4.3,3,XL,Women,2026-05-19T07:44:36.437027
Jacket 300,6408480,4,3,XXL,Unisex,2026-05-19T07:44:36.437140
T-shirt 302,5711200,3.2,3,M,Women,2026-05-19T07:44:37.522667
Hoodie 303,7974560,4.1,3,L,Unisex,2026-05-19T07:44:37.522854
Pants 304,7129760,3.4,3,XL,Men,2026-05-19T07:44:37.523039
Outerwear 305,6325440,4.5,3,XXL,Women,2026-05-19T07:44:37.523221
Jacket 306,7575040,4.2,3,S,Unisex,2026-05-19T07:44:37.523408
Crewneck 307,7735200,3.7,3,M,Men,2026-05-19T07:44:37.523561
T-shirt 308,4086080,4.1,3,L,Women,2026-05-19T07:44:37.523680
Hoodie 309,3953120,4.8,3,XL,Unisex,2026-05-19T07:44:37.523795
Pants 310,6329280,4.7,3,XXL,Men,2026-05-19T07:44:37.523911
Jacket 312,7267040,3.8,3,M,Unisex,2026-05-19T07:44:37.524139
Crewneck 313,1948320,3.1,3,L,Men,2026-05-19T07:44:37.524256
T-shirt 314,6017120,3.2,3,XL,Women,2026-05-19T07:44:37.524369
Hoodie 315,7022880,3.1,3,XXL,Unisex,2026-05-19T07:44:37.524489
Outerwear 317,5259040,3.3,3,M,Women,2026-05-19T07:44:37.524719
Jacket 318,5667200,3.7,3,L,Unisex,2026-05-19T07:44:37.524832
Crewneck 319,3085920,3.3,3,XL,Men,2026-05-19T07:44:37.524994
T-shirt 320,829440,3.3,3,XXL,Women,2026-05-19T07:44:37.525109
Pants 322,7810400,3.2,3,M,Men,2026-05-19T07:44:39.047907
Outerwear 323,8468000,3.1,3,L,Women,2026-05-19T07:44:39.048032
Jacket 324,6082720,3.3,3,XL,Unisex,2026-05-19T07:44:39.048151
Crewneck 325,3001760,3.4,3,XXL,Men,2026-05-19T07:44:39.048266
T-shirt 326,4519360,4.9,3,S,Women,2026-05-19T07:44:39.048381
Hoodie 327,6641440,4.4,3,M,Unisex,2026-05-19T07:44:39.048496
Pants 328,5732960,4.5,3,L,Men,2026-05-19T07:44:39.048611
Outerwear 329,6724160,4.7,3,XL,Women,2026-05-19T07:44:39.048726
Jacket 330,1591200,4.3,3,XXL,Unisex,2026-05-19T07:44:39.048842
T-shirt 332,2335680,3.4,3,M,Women,2026-05-19T07:44:39.049070
Hoodie 333,1746080,4.8,3,L,Unisex,2026-05-19T07:44:39.049186
Pants 334,2409440,3.8,3,XL,Men,2026-05-19T07:44:39.049297
Outerwear 335,2826720,3,3,XXL,Women,2026-05-19T07:44:39.049411
Jacket 336,6237760,5,3,S,Unisex,2026-05-19T07:44:39.049527
Crewneck 337,8608800,4.3,3,M,Men,2026-05-19T07:44:39.049641
T-shirt 338,2883360,3.9,3,L,Women,2026-05-19T07:44:39.049756
Hoodie 339,4424800,4.9,3,XL,Unisex,2026-05-19T07:44:39.049870
Pants 340,5975200,4.3,3,XXL,Men,2026-05-19T07:44:39.049992
Jacket 342,1827680,4.8,3,M,Unisex,2026-05-19T07:44:41.576932
Crewneck 343,2279040,4.1,3,L,Men,2026-05-19T07:44:41.577057
T-shirt 344,3415680,4.5,3,XL,Women,2026-05-19T07:44:41.577174
Hoodie 345,7577440,3.3,3,XXL,Unisex,2026-05-19T07:44:41.577291
Outerwear 347,6986080,4.7,3,M,Women,2026-05-19T07:44:41.577520
Jacket 348,3195040,4.6,3,L,Unisex,2026-05-19T07:44:41.577636
Crewneck 349,6085600,3.5,3,XL,Men,2026-05-19T07:44:41.577751
T-shirt 350,8047680,5,3,XXL,Women,2026-05-19T07:44:41.577867
Pants 352,2838880,4,3,M,Men,2026-05-19T07:44:41.578099
Outerwear 353,961600,3.6,3,L,Women,2026-05-19T07:44:41.578213
Jacket 354,2294720,3.8,3,XL,Unisex,2026-05-19T07:44:41.578331
Crewneck 355,4246560,3.2,3,XXL,Men,2026-05-19T07:44:41.578447
T-shirt 356,7150080,4.3,3,S,Women,2026-05-19T07:44:41.578561
Hoodie 357,3739360,3.6,3,M,Unisex,2026-05-19T07:44:41.578676
Pants 358,8479520,3.9,3,L,Men,2026-05-19T07:44:41.578791
Outerwear 359,1696480,4.3,3,XL,Women,2026-05-19T07:44:41.578905
Jacket 360,8788320,4.8,3,XXL,Unisex,2026-05-19T07:44:41.579021
T-shirt 362,4776800,5,3,M,Women,2026-05-19T07:44:42.634097
Hoodie 363,1171360,3.2,3,L,Unisex,2026-05-19T07:44:42.634193
Pants 364,4972800,4.8,3,XL,Men,2026-05-19T07:44:42.634287
Outerwear 365,6956480,4.5,3,XXL,Women,2026-05-19T07:44:42.634380
Jacket 366,5854880,4.9,3,S,Unisex,2026-05-19T07:44:42.634472
Crewneck 367,8359360,4.9,3,M,Men,2026-05-19T07:44:42.634562
T-shirt 368,965120,3.2,3,L,Women,2026-05-19T07:44:42.634657
Hoodie 369,7204960,4.7,3,XL,Unisex,2026-05-19T07:44:42.634749
Pants 370,4559680,3.6,3,XXL,Men,2026-05-19T07:44:42.634839
Jacket 372,5052960,3.6,3,M,Unisex,2026-05-19T07:44:42.635018
Crewneck 373,2231040,3.6,3,L,Men,2026-05-19T07:44:42.635107
T-shirt 374,7697120,3.9,3,XL,Women,2026-05-19T07:44:42.635196
Hoodie 375,7027520,3.9,3,XXL,Unisex,2026-05-19T07:44:42.635286
Outerwear 377,6802080,4.8,3,M,Women,2026-05-19T07:44:42.635469
Jacket 378,3402400,3.6,3,L,Unisex,2026-05-19T07:44:42.635559
Crewneck 379,3963200,4.4,3,XL,Men,2026-05-19T07:44:42.635649
T-shirt 380,2547040,3.8,3,XXL,Women,2026-05-19T07:44:42.635739
Pants 382,1356160,4.4,3,M,Men,2026-05-19T07:44:43.727375
Outerwear 383,3431040,3.4,3,L,Women,2026-05-19T07:44:43.727500
Jacket 384,1452960,3.3,3,XL,Unisex,2026-05-19T07:44:43.727619
Crewneck 385,7950720,4.9,3,XXL,Men,2026-05-19T07:44:43.727736
T-shirt 386,4793600,4.6,3,S,Women,2026-05-19T07:44:43.727851
Hoodie 387,8418080,4.2,3,M,Unisex,2026-05-19T07:44:43.727965
Pants 388,931200,3.1,3,L,Men,2026-05-19T07:44:43.728080
Outerwear 389,2883200,5,3,XL,Women,2026-05-19T07:44:43.728193
Jacket 390,5432960,3.3,3,XXL,Unisex,2026-05-19T07:44:43.728312
T-shirt 392,1226080,4.4,3,M,Women,2026-05-19T07:44:43.728543
Hoodie 393,4068480,3.2,3,L,Unisex,2026-05-19T07:44:43.728656
Pants 394,3540000,3.3,3,XL,Men,2026-05-19T07:44:43.728770
Outerwear 395,3098720,4,3,XXL,Women,2026-05-19T07:44:43.728885
Jacket 396,2505280,3.9,3,S,Unisex,2026-05-19T07:44:43.729005
Crewneck 397,855360,3.6,3,M,Men,2026-05-19T07:44:43.729123
T-shirt 398,4592800,4.7,3,L,Women,2026-05-19T07:44:43.729238
Hoodie 399,2523520,3.6,3,XL,Unisex,2026-05-19T07:44:43.729353
Pants 400,6020640,4.7,3,XXL,Men,2026-05-19T07:44:43.729467
Jacket 402,2029120,4.6,3,M,Unisex,2026-05-19T07:44:44.826453
Crewneck 403,1580320,4.1,3,L,Men,2026-05-19T07:44:44.826548
T-shirt 404,3501120,4.9,3,XL,Women,2026-05-19T07:44:44.826641
Hoodie 405,5080160,3.8,3,XXL,Unisex,2026-05-19T07:44:44.826734
Outerwear 407,2761280,3.7,3,M,Women,2026-05-19T07:44:44.826915
Jacket 408,4176000,4.9,3,L,Unisex,2026-05-19T07:44:44.827006
Crewneck 409,3221760,3.5,3,XL,Men,2026-05-19T07:44:44.827098
T-shirt 410,1586720,3.1,3,XXL,Women,2026-05-19T07:44:44.827192
Pants 412,5438240,4.4,3,M,Men,2026-05-19T07:44:44.827375
Outerwear 413,1306400,3.4,3,L,Women,2026-05-19T07:44:44.827466
Jacket 414,2234720,3.7,3,XL,Unisex,2026-05-19T07:44:44.827556
Crewneck 415,3617440,3.1,3,XXL,Men,2026-05-19T07:44:44.827646
T-shirt 416,4454080,3.1,3,S,Women,2026-05-19T07:44:44.827736
Hoodie 417,2769440,4.6,3,M,Unisex,2026-05-19T07:44:44.827825
Pants 418,6307840,5,3,L,Men,2026-05-19T07:44:44.827915
Outerwear 419,7004000,5,3,XL,Women,2026-05-19T07:44:44.828005
Jacket 420,2472640,3.1,3,XXL,Unisex,2026-05-19T07:44:44.828094
T-shirt 422,924320,3.9,3,M,Women,2026-05-19T07:44:45.889140
Hoodie 423,4601760,3.7,3,L,Unisex,2026-05-19T07:44:45.889332
Pants 424,3865760,4.4,3,XL,Men,2026-05-19T07:44:45.889466
Outerwear 425,2528480,4.8,3,XXL,Women,2026-05-19T07:44:45.889589
Jacket 426,3462400,3.4,3,S,Unisex,2026-05-19T07:44:45.889740
Crewneck 427,6375200,3.3,3,M,Men,2026-05-19T07:44:45.889893
T-shirt 428,7053120,4.9,3,L,Women,2026-05-19T07:44:45.890015
Hoodie 429,1658560,4.9,3,XL,Unisex,2026-05-19T07:44:45.890133
Pants 430,1442080,3.9,3,XXL,Men,2026-05-19T07:44:45.890250
Jacket 432,2151840,4.5,3,M,Unisex,2026-05-19T07:44:45.890563
Crewneck 433,3872480,4.2,3,L,Men,2026-05-19T07:44:45.890686
T-shirt 434,6557120,4.9,3,XL,Women,2026-05-19T07:44:45.890799
Hoodie 435,1015680,4,3,XXL,Unisex,2026-05-19T07:44:45.890914
Outerwear 437,1016800,3.9,3,M,Women,2026-05-19T07:44:45.891142
Jacket 438,2453120,4.5,3,L,Unisex,2026-05-19T07:44:45.891255
Crewneck 439,4005440,3.2,3,XL,Men,2026-05-19T07:44:45.891370
T-shirt 440,5326080,3,3,XXL,Women,2026-05-19T07:44:45.891486
Pants 442,4701600,4.3,3,M,Men,2026-05-19T07:44:47.072773
Outerwear 443,7262720,4.2,3,L,Women,2026-05-19T07:44:47.072896
Jacket 444,4016960,3.3,3,XL,Unisex,2026-05-19T07:44:47.073016
Crewneck 445,3574240,4.5,3,XXL,Men,2026-05-19T07:44:47.073133
T-shirt 446,7740160,3.2,3,S,Women,2026-05-19T07:44:47.073251
Hoodie 447,4748640,4,3,M,Unisex,2026-05-19T07:44:47.073368
Pants 448,820160,4.4,3,L,Men,2026-05-19T07:44:47.073487
Outerwear 449,6410080,4,3,XL,Women,2026-05-19T07:44:47.073653
Jacket 450,8754880,3.1,3,XXL,Unisex,2026-05-19T07:44:47.073779
T-shirt 452,6892800,4.4,3,M,Women,2026-05-19T07:44:47.074009
Hoodie 453,6576960,4.2,3,L,Unisex,2026-05-19T07:44:47.074170
Pants 454,2179520,5,3,XL,Men,2026-05-19T07:44:47.074288
Outerwear 455,1094080,4.8,3,XXL,Women,2026-05-19T07:44:47.074406
Jacket 456,8096000,4.1,3,S,Unisex,2026-05-19T07:44:47.074523
Crewneck 457,7342880,4.8,3,M,Men,2026-05-19T07:44:47.074640
T-shirt 458,4240000,4.4,3,L,Women,2026-05-19T07:44:47.074760
Hoodie 459,3237280,3.5,3,XL,Unisex,2026-05-19T07:44:47.074877
Pants 460,1880800,3.6,3,XXL,Men,2026-05-19T07:44:47.074992
Jacket 462,6767840,4.5,3,M,Unisex,2026-05-19T07:44:48.185696
Crewneck 463,7539520,4.5,3,L,Men,2026-05-19T07:44:48.185816
T-shirt 464,6070080,4.5,3,XL,Women,2026-05-19T07:44:48.185935
Hoodie 465,6164320,4.7,3,XXL,Unisex,2026-05-19T07:44:48.186053
Outerwear 467,1325920,3.5,3,M,Women,2026-05-19T07:44:48.186285
Jacket 468,4584960,3.7,3,L,Unisex,2026-05-19T07:44:48.186402
Crewneck 469,1738880,4.2,3,XL,Men,2026-05-19T07:44:48.186519
T-shirt 470,7738880,3.1,3,XXL,Women,2026-05-19T07:44:48.186636
Pants 472,3902080,3.1,3,M,Men,2026-05-19T07:44:48.186871
Outerwear 473,5478080,4.2,3,L,Women,2026-05-19T07:44:48.186988
Jacket 474,5864960,4.7,3,XL,Unisex,2026-05-19T07:44:48.187104
Crewneck 475,7017280,4.6,3,XXL,Men,2026-05-19T07:44:48.187222
T-shirt 476,3986240,4.3,3,S,Women,2026-05-19T07:44:48.187363
Hoodie 477,6626080,4.2,3,M,Unisex,2026-05-19T07:44:48.187576
Pants 478,4912000,3.8,3,L,Men,2026-05-19T07:44:48.187759
Outerwear 479,7302400,4.4,3,XL,Women,2026-05-19T07:44:48.187934
Jacket 480,4986240,4.2,3,XXL,Unisex,2026-05-19T07:44:48.188120
T-shirt 482,3352480,4.8,3,M,Women,2026-05-19T07:44:49.320089
Hoodie 483,4035040,4.2,3,L,Unisex,2026-05-19T07:44:49.320290
Pants 484,6428640,4.1,3,XL,Men,2026-05-19T07:44:49.320486
Outerwear 485,4044480,4.7,3,XXL,Women,2026-05-19T07:44:49.320684
Jacket 486,2573760,3,3,S,Unisex,2026-05-19T07:44:49.320818
Crewneck 487,6955520,3.7,3,M,Men,2026-05-19T07:44:49.320957
T-shirt 488,8789760,3.8,3,L,Women,2026-05-19T07:44:49.321078
Hoodie 489,3554560,5,3,XL,Unisex,2026-05-19T07:44:49.321195
Pants 490,7081600,3.1,3,XXL,Men,2026-05-19T07:44:49.321308
Jacket 492,6011840,3,3,M,Unisex,2026-05-19T07:44:49.321537
Crewneck 493,5071520,4.8,3,L,Men,2026-05-19T07:44:49.321653
T-shirt 494,1390080,3.4,3,XL,Women,2026-05-19T07:44:49.321769
Hoodie 495,1663200,4.5,3,XXL,Unisex,2026-05-19T07:44:49.321885
Outerwear 497,3957760,4.4,3,M,Women,2026-05-19T07:44:49.322115
Jacket 498,4412800,4.6,3,L,Unisex,2026-05-19T07:44:49.322229
Crewneck 499,7825920,4.1,3,XL,Men,2026-05-19T07:44:49.322345
T-shirt 500,8114400,4.2,3,XXL,Women,2026-05-19T07:44:49.322460
Pants 502,7132480,4.4,3,M,Men,2026-05-19T07:44:50.381400
Outerwear 503,4924480,4.8,3,L,Women,2026-05-19T07:44:50.381562
Jacket 504,8024480,5,3,XL,Unisex,2026-05-19T07:44:50.381700
Crewneck 505,8747680,4.3,3,XXL,Men,2026-05-19T07:44:50.381817
T-shirt 506,8572000,3.6,3,S,Women,2026-05-19T07:44:50.381931
Hoodie 507,6844000,4.7,3,M,Unisex,2026-05-19T07:44:50.382045
Pants 508,7766080,3.5,3,L,Men,2026-05-19T07:44:50.382157
Outerwear 509,7178400,3.1,3,XL,Women,2026-05-19T07:44:50.382269
Jacket 510,1562080,3.4,3,XXL,Unisex,2026-05-19T07:44:50.382383
T-shirt 512,4319680,3.7,3,M,Women,2026-05-19T07:44:50.382608
Hoodie 513,1693760,4.4,3,L,Unisex,2026-05-19T07:44:50.382721
Pants 514,6888960,3.9,3,XL,Men,2026-05-19T07:44:50.382834
Outerwear 515,7262560,3.1,3,XXL,Women,2026-05-19T07:44:50.382946
Jacket 516,7130720,3.4,3,S,Unisex,2026-05-19T07:44:50.383060
Crewneck 517,1069280,3.5,3,M,Men,2026-05-19T07:44:50.383171
T-shirt 518,2575680,4.1,3,L,Women,2026-05-19T07:44:50.383285
Hoodie 519,2236160,4.5,3,XL,Unisex,2026-05-19T07:44:50.383455
Pants 520,2308320,3.8,3,XXL,Men,2026-05-19T07:44:50.383572
Jacket 522,6292960,4,3,M,Unisex,2026-05-19T07:44:51.449638
Crewneck 523,3626720,4.6,3,L,Men,2026-05-19T07:44:51.449803
T-shirt 524,936000,3.8,3,XL,Women,2026-05-19T07:44:51.449983
Hoodie 525,7919040,3.6,3,XXL,Unisex,2026-05-19T07:44:51.450125
Outerwear 527,4669280,3.6,3,M,Women,2026-05-19T07:44:51.450392
Jacket 528,5595840,4,3,L,Unisex,2026-05-19T07:44:51.450507
Crewneck 529,1420160,3.2,3,XL,Men,2026-05-19T07:44:51.450632
T-shirt 530,6173760,3.3,3,XXL,Women,2026-05-19T07:44:51.450749
Pants 532,8391200,4.1,3,M,Men,2026-05-19T07:44:51.450980
Outerwear 533,3370240,4.2,3,L,Women,2026-05-19T07:44:51.451096
Jacket 534,3479200,3.7,3,XL,Unisex,2026-05-19T07:44:51.451211
Crewneck 535,3901280,3.7,3,XXL,Men,2026-05-19T07:44:51.451327
T-shirt 536,5092480,3,3,S,Women,2026-05-19T07:44:51.451442
Hoodie 537,8671840,3.1,3,M,Unisex,2026-05-19T07:44:51.451556
Pants 538,6134240,3.4,3,L,Men,2026-05-19T07:44:51.451672
Outerwear 539,4692640,4.7,3,XL,Women,2026-05-19T07:44:51.451786
Jacket 540,7051840,4.4,3,XXL,Unisex,2026-05-19T07:44:51.451900
T-shirt 542,4761440,3.5,3,M,Women,2026-05-19T07:44:52.538379
Hoodie 543,8715680,4.7,3,L,Unisex,2026-05-19T07:44:52.538475
Pants 544,5957760,3.1,3,XL,Men,2026-05-19T07:44:52.538571
Outerwear 545,3579360,4,3,XXL,Women,2026-05-19T07:44:52.538663
Jacket 546,6271520,3.3,3,S,Unisex,2026-05-19T07:44:52.538755
Crewneck 547,5361120,3.9,3,M,Men,2026-05-19T07:44:52.538848
T-shirt 548,2686240,4.6,3,L,Women,2026-05-19T07:44:52.538941
Hoodie 549,2687200,3.7,3,XL,Unisex,2026-05-19T07:44:52.539055
Pants 550,4450080,4.9,3,XXL,Men,2026-05-19T07:44:52.539149
Jacket 552,5380320,4.1,3,M,Unisex,2026-05-19T07:44:52.539330
Crewneck 553,7760800,3.8,3,L,Men,2026-05-19T07:44:52.539420
T-shirt 554,4001120,4.5,3,XL,Women,2026-05-19T07:44:52.539510
Hoodie 555,1809600,3,3,XXL,Unisex,2026-05-19T07:44:52.539601
Outerwear 557,5460480,3.4,3,M,Women,2026-05-19T07:44:52.539780
Jacket 558,5007040,4,3,L,Unisex,2026-05-19T07:44:52.539870
Crewneck 559,1590880,3.5,3,XL,Men,2026-05-19T07:44:52.539961
T-shirt 560,6885280,4.2,3,XXL,Women,2026-05-19T07:44:52.540051
Pants 562,3724160,4.5,3,M,Men,2026-05-19T07:44:53.620660
Outerwear 563,8197440,4.7,3,L,Women,2026-05-19T07:44:53.620755
Jacket 564,8319200,4.3,3,XL,Unisex,2026-05-19T07:44:53.620849
Crewneck 565,7635200,3.5,3,XXL,Men,2026-05-19T07:44:53.620942
T-shirt 566,2611360,4.6,3,S,Women,2026-05-19T07:44:53.621034
Hoodie 567,4576160,3.2,3,M,Unisex,2026-05-19T07:44:53.621126
Pants 568,2984160,3.3,3,L,Men,2026-05-19T07:44:53.621219
Outerwear 569,4966880,4.7,3,XL,Women,2026-05-19T07:44:53.621310
Jacket 570,4000960,3.9,3,XXL,Unisex,2026-05-19T07:44:53.621401
T-shirt 572,4756320,3.2,3,M,Women,2026-05-19T07:44:53.621583
Hoodie 573,6954080,4.5,3,L,Unisex,2026-05-19T07:44:53.621695
Pants 574,2424000,3.8,3,XL,Men,2026-05-19T07:44:53.621790
Outerwear 575,3517760,3.4,3,XXL,Women,2026-05-19T07:44:53.621881
Jacket 576,805600,3.5,3,S,Unisex,2026-05-19T07:44:53.621972
Crewneck 577,7873920,3.3,3,M,Men,2026-05-19T07:44:53.622063
T-shirt 578,7958880,4.1,3,L,Women,2026-05-19T07:44:53.622154
Hoodie 579,4428640,4.4,3,XL,Unisex,2026-05-19T07:44:53.622245
Pants 580,2625440,3.3,3,XXL,Men,2026-05-19T07:44:53.622335
Jacket 582,4112160,4.1,3,M,Unisex,2026-05-19T07:44:54.791620
Crewneck 583,5737760,4.5,3,L,Men,2026-05-19T07:44:54.791717
T-shirt 584,6964960,4.8,3,XL,Women,2026-05-19T07:44:54.791812
Hoodie 585,6186880,4.9,3,XXL,Unisex,2026-05-19T07:44:54.791907
Outerwear 587,4424960,4.4,3,M,Women,2026-05-19T07:44:54.792118
Jacket 588,4963040,4.7,3,L,Unisex,2026-05-19T07:44:54.792213
Crewneck 589,931840,4.7,3,XL,Men,2026-05-19T07:44:54.792306
T-shirt 590,6457120,3.9,3,XXL,Women,2026-05-19T07:44:54.792399
Pants 592,6805440,4.3,3,M,Men,2026-05-19T07:44:54.792734
Outerwear 593,7163840,3.9,3,L,Women,2026-05-19T07:44:54.792827
Jacket 594,8707680,4.2,3,XL,Unisex,2026-05-19T07:44:54.792923
Crewneck 595,3723840,3.5,3,XXL,Men,2026-05-19T07:44:54.793015
T-shirt 596,8290400,4.4,3,S,Women,2026-05-19T07:44:54.793120
Hoodie 597,7969440,3.3,3,M,Unisex,2026-05-19T07:44:54.793247
Pants 598,4714080,4.1,3,L,Men,2026-05-19T07:44:54.793343
Outerwear 599,1179040,3.3,3,XL,Women,2026-05-19T07:44:54.793434
Jacket 600,6414080,3,3,XXL,Unisex,2026-05-19T07:44:54.793524
T-shirt 602,2260960,4.4,3,M,Women,2026-05-19T07:44:55.857380
Hoodie 603,7511520,3.1,3,L,Unisex,2026-05-19T07:44:55.857477
Pants 604,7662240,4.3,3,XL,Men,2026-05-19T07:44:55.857571
Outerwear 605,1710720,3.7,3,XXL,Women,2026-05-19T07:44:55.857662
Jacket 606,5770720,4.6,3,S,Unisex,2026-05-19T07:44:55.857753
Crewneck 607,3857600,3.1,3,M,Men,2026-05-19T07:44:55.857843
T-shirt 608,7047840,4.6,3,L,Women,2026-05-19T07:44:55.857935
Hoodie 609,2956320,4.1,3,XL,Unisex,2026-05-19T07:44:55.858026
Pants 610,4515360,3.3,3,XXL,Men,2026-05-19T07:44:55.858116
Jacket 612,3202720,3.1,3,M,Unisex,2026-05-19T07:44:55.858293
Crewneck 613,1013920,3.6,3,L,Men,2026-05-19T07:44:55.858381
T-shirt 614,2428160,3.1,3,XL,Women,2026-05-19T07:44:55.858470
Hoodie 615,4798720,4.8,3,XXL,Unisex,2026-05-19T07:44:55.858560
Outerwear 617,1765920,4.3,3,M,Women,2026-05-19T07:44:55.858740
Jacket 618,6474080,3.3,3,L,Unisex,2026-05-19T07:44:55.858862
Crewneck 619,8340640,4.4,3,XL,Men,2026-05-19T07:44:55.858988
T-shirt 620,2270240,3.3,3,XXL,Women,2026-05-19T07:44:55.859145
Pants 622,4849600,3.5,3,M,Men,2026-05-19T07:44:56.993197
Outerwear 623,7299520,4.6,3,L,Women,2026-05-19T07:44:56.993296
Jacket 624,6943200,3.9,3,XL,Unisex,2026-05-19T07:44:56.993392
Crewneck 625,7826400,4.1,3,XXL,Men,2026-05-19T07:44:56.993489
T-shirt 626,7777440,4.5,3,S,Women,2026-05-19T07:44:56.993583
Hoodie 627,1232320,3.2,3,M,Unisex,2026-05-19T07:44:56.993680
Pants 628,8113120,4.3,3,L,Men,2026-05-19T07:44:56.993775
Outerwear 629,3997920,4.4,3,XL,Women,2026-05-19T07:44:56.993868
Jacket 630,1003680,3.8,3,XXL,Unisex,2026-05-19T07:44:56.993962
T-shirt 632,4314240,3.6,3,M,Women,2026-05-19T07:44:56.994148
Hoodie 633,3128000,3.1,3,L,Unisex,2026-05-19T07:44:56.994239
Pants 634,8535680,3.9,3,XL,Men,2026-05-19T07:44:56.994331
Outerwear 635,6897120,4.1,3,XXL,Women,2026-05-19T07:44:56.994423
Jacket 636,3476320,4.5,3,S,Unisex,2026-05-19T07:44:56.994514
Crewneck 637,6030240,4,3,M,Men,2026-05-19T07:44:56.994606
T-shirt 638,5220960,4.6,3,L,Women,2026-05-19T07:44:56.994698
Hoodie 639,6782720,4.7,3,XL,Unisex,2026-05-19T07:44:56.994794
Pants 640,3038560,3.8,3,XXL,Men,2026-05-19T07:44:56.994886
Jacket 642,7747360,4.7,3,M,Unisex,2026-05-19T07:44:58.062319
Crewneck 643,6116000,3.2,3,L,Men,2026-05-19T07:44:58.062414
T-shirt 644,7479360,4.2,3,XL,Women,2026-05-19T07:44:58.062508
Hoodie 645,3285440,3.3,3,XXL,Unisex,2026-05-19T07:44:58.062602
Outerwear 647,4304960,3.8,3,M,Women,2026-05-19T07:44:58.062786
Jacket 648,8699520,4.5,3,L,Unisex,2026-05-19T07:44:58.062878
Crewneck 649,8588160,3.2,3,XL,Men,2026-05-19T07:44:58.062969
T-shirt 650,8012800,3.4,3,XXL,Women,2026-05-19T07:44:58.063061
Pants 652,6084960,3.3,3,M,Men,2026-05-19T07:44:58.063242
Outerwear 653,2622080,4,3,L,Women,2026-05-19T07:44:58.063333
Jacket 654,4089440,4.7,3,XL,Unisex,2026-05-19T07:44:58.063424
Crewneck 655,1834240,4.1,3,XXL,Men,2026-05-19T07:44:58.063514
T-shirt 656,2538720,4.2,3,S,Women,2026-05-19T07:44:58.063604
Hoodie 657,8459040,4.8,3,M,Unisex,2026-05-19T07:44:58.063694
Pants 658,6268320,3.8,3,L,Men,2026-05-19T07:44:58.063783
Outerwear 659,1817920,3.3,3,XL,Women,2026-05-19T07:44:58.063873
Jacket 660,8715200,3.5,3,XXL,Unisex,2026-05-19T07:44:58.063963
T-shirt 662,1422720,4.5,3,M,Women,2026-05-19T07:44:59.155840
Hoodie 663,7087200,4,3,L,Unisex,2026-05-19T07:44:59.155937
Pants 664,8248640,3.5,3,XL,Men,2026-05-19T07:44:59.156031
Outerwear 665,4033600,3.2,3,XXL,Women,2026-05-19T07:44:59.156124
Jacket 666,4844000,3.9,3,S,Unisex,2026-05-19T07:44:59.156235
Crewneck 667,1756640,3.7,3,M,Men,2026-05-19T07:44:59.156328
T-shirt 668,5044640,3.7,3,L,Women,2026-05-19T07:44:59.156420
Hoodie 669,2346080,3.3,3,XL,Unisex,2026-05-19T07:44:59.156511
Pants 670,8406720,4.8,3,XXL,Men,2026-05-19T07:44:59.156602
Jacket 672,4776160,4.5,3,M,Unisex,2026-05-19T07:44:59.156782
Crewneck 673,2803360,4.7,3,L,Men,2026-05-19T07:44:59.156873
T-shirt 674,3156640,3.1,3,XL,Women,2026-05-19T07:44:59.156966
Hoodie 675,4314880,3.2,3,XXL,Unisex,2026-05-19T07:44:59.157055
Outerwear 677,4657440,3.3,3,M,Women,2026-05-19T07:44:59.157236
Jacket 678,2777120,4.3,3,L,Unisex,2026-05-19T07:44:59.157343
Crewneck 679,6373120,3.2,3,XL,Men,2026-05-19T07:44:59.157436
T-shirt 680,8164800,3.2,3,XXL,Women,2026-05-19T07:44:59.157530
Pants 682,7616480,3.9,3,M,Men,2026-05-19T07:45:00.328263
Outerwear 683,3907360,3.6,3,L,Women,2026-05-19T07:45:00.328359
Jacket 684,7102560,3.5,3,XL,Unisex,2026-05-19T07:45:00.328454
Crewneck 685,1495840,4.6,3,XXL,Men,2026-05-19T07:45:00.328547
T-shirt 686,5381760,3.8,3,S,Women,2026-05-19T07:45:00.328659
Hoodie 687,4220800,4.7,3,M,Unisex,2026-05-19T07:45:00.328753
Pants 688,1487520,4.4,3,L,Men,2026-05-19T07:45:00.328844
Outerwear 689,1939040,4.6,3,XL,Women,2026-05-19T07:45:00.328936
Jacket 690,8782560,4.7,3,XXL,Unisex,2026-05-19T07:45:00.329028
T-shirt 692,1416480,4.1,3,M,Women,2026-05-19T07:45:00.329210
Hoodie 693,3031680,4.1,3,L,Unisex,2026-05-19T07:45:00.329301
Pants 694,2466720,3.4,3,XL,Men,2026-05-19T07:45:00.329392
Outerwear 695,959360,3.3,3,XXL,Women,2026-05-19T07:45:00.329483
Jacket 696,5146240,4.2,3,S,Unisex,2026-05-19T07:45:00.329574
Crewneck 697,6545120,5,3,M,Men,2026-05-19T07:45:00.329664
T-shirt 698,2444960,4.1,3,L,Women,2026-05-19T07:45:00.329754
Hoodie 699,5250240,4.5,3,XL,Unisex,2026-05-19T07:45:00.329845
Pants 700,3526560,4.3,3,XXL,Men,2026-05-19T07:45:00.329935
Jacket 702,4927680,4.3,3,M,Unisex,2026-05-19T07:45:01.387247
Crewneck 703,2949120,4.2,3,L,Men,2026-05-19T07:45:01.387344
T-shirt 704,6214240,4.1,3,XL,Women,2026-05-19T07:45:01.387438
Hoodie 705,3042880,3.1,3,XXL,Unisex,2026-05-19T07:45:01.387530
Outerwear 707,7746240,4.4,3,M,Women,2026-05-19T07:45:01.387715
Jacket 708,8541280,4.3,3,L,Unisex,2026-05-19T07:45:01.387808
Crewneck 709,7022400,3.9,3,XL,Men,2026-05-19T07:45:01.387920
T-shirt 710,3751520,3.2,3,XXL,Women,2026-05-19T07:45:01.388015
Pants 712,1510400,4.1,3,M,Men,2026-05-19T07:45:01.388198
Outerwear 713,3142880,4.4,3,L,Women,2026-05-19T07:45:01.388289
Jacket 714,892320,3.1,3,XL,Unisex,2026-05-19T07:45:01.388379
Crewneck 715,7021760,3.9,3,XXL,Men,2026-05-19T07:45:01.388470
T-shirt 716,3602560,4.9,3,S,Women,2026-05-19T07:45:01.388562
Hoodie 717,1532800,3.6,3,M,Unisex,2026-05-19T07:45:01.388653
Pants 718,4057120,3.2,3,L,Men,2026-05-19T07:45:01.388744
Outerwear 719,3172960,4.7,3,XL,Women,2026-05-19T07:45:01.388835
Jacket 720,2028320,3.8,3,XXL,Unisex,2026-05-19T07:45:01.388926
T-shirt 722,8724320,3.2,3,M,Women,2026-05-19T07:45:02.482495
Hoodie 723,5664800,3.4,3,L,Unisex,2026-05-19T07:45:02.482598
Pants 724,4824800,4.7,3,XL,Men,2026-05-19T07:45:02.482696
Outerwear 725,4979200,3,3,XXL,Women,2026-05-19T07:45:02.482792
Jacket 726,6345920,3.5,3,S,Unisex,2026-05-19T07:45:02.482885
Crewneck 727,4024000,4.8,3,M,Men,2026-05-19T07:45:02.482978
T-shirt 728,8173440,3,3,L,Women,2026-05-19T07:45:02.483073
Hoodie 729,6431360,3.6,3,XL,Unisex,2026-05-19T07:45:02.483167
Pants 730,7228800,4.5,3,XXL,Men,2026-05-19T07:45:02.483291
Jacket 732,6597600,3.9,3,M,Unisex,2026-05-19T07:45:02.483480
Crewneck 733,1162880,4.7,3,L,Men,2026-05-19T07:45:02.483572
T-shirt 734,6858560,4.2,3,XL,Women,2026-05-19T07:45:02.483665
Hoodie 735,4664320,4,3,XXL,Unisex,2026-05-19T07:45:02.483759
Outerwear 737,1015680,4.7,3,M,Women,2026-05-19T07:45:02.483947
Jacket 738,1893920,3.7,3,L,Unisex,2026-05-19T07:45:02.484041
Crewneck 739,8072960,3.3,3,XL,Men,2026-05-19T07:45:02.484136
T-shirt 740,7016640,3.4,3,XXL,Women,2026-05-19T07:45:02.484228
Pants 742,5626080,3.6,3,M,Men,2026-05-19T07:45:03.563415
Outerwear 743,5678080,3,3,L,Women,2026-05-19T07:45:03.563525
Jacket 744,5175680,4.1,3,XL,Unisex,2026-05-19T07:45:03.563670
Crewneck 745,2882560,3.8,3,XXL,Men,2026-05-19T07:45:03.563829
T-shirt 746,1517440,5,3,S,Women,2026-05-19T07:45:03.563981
Hoodie 747,6326880,4.7,3,M,Unisex,2026-05-19T07:45:03.564112
Pants 748,3134080,3.7,3,L,Men,2026-05-19T07:45:03.564232
Outerwear 749,2627360,3.2,3,XL,Women,2026-05-19T07:45:03.564347
Jacket 750,1030400,3.7,3,XXL,Unisex,2026-05-19T07:45:03.564539
T-shirt 752,7431520,3.8,3,M,Women,2026-05-19T07:45:03.564745
Hoodie 753,8137600,4.8,3,L,Unisex,2026-05-19T07:45:03.564838
Pants 754,7229760,3.1,3,XL,Men,2026-05-19T07:45:03.564931
Outerwear 755,6910400,4.6,3,XXL,Women,2026-05-19T07:45:03.565024
Jacket 756,7128000,3.1,3,S,Unisex,2026-05-19T07:45:03.565118
Crewneck 757,7582720,4.4,3,M,Men,2026-05-19T07:45:03.565212
T-shirt 758,6025920,3.1,3,L,Women,2026-05-19T07:45:03.565304
Hoodie 759,2779840,4.7,3,XL,Unisex,2026-05-19T07:45:03.565397
Pants 760,2191040,4.1,3,XXL,Men,2026-05-19T07:45:03.565490
Jacket 762,4091840,4.9,3,M,Unisex,2026-05-19T07:45:04.628319
Crewneck 763,5792640,3.9,3,L,Men,2026-05-19T07:45:04.628416
T-shirt 764,7211680,3.4,3,XL,Women,2026-05-19T07:45:04.628511
Hoodie 765,1343360,4.9,3,XXL,Unisex,2026-05-19T07:45:04.628606
Outerwear 767,4152800,4.5,3,M,Women,2026-05-19T07:45:04.628791
Jacket 768,5662080,4.9,3,L,Unisex,2026-05-19T07:45:04.628883
Crewneck 769,6294560,3.3,3,XL,Men,2026-05-19T07:45:04.628974
T-shirt 770,1655040,3.5,3,XXL,Women,2026-05-19T07:45:04.629067
Pants 772,8748160,3.4,3,M,Men,2026-05-19T07:45:04.629251
Outerwear 773,3393600,3.2,3,L,Women,2026-05-19T07:45:04.629342
Jacket 774,1485760,4.1,3,XL,Unisex,2026-05-19T07:45:04.629433
Crewneck 775,8189440,3.1,3,XXL,Men,2026-05-19T07:45:04.629524
T-shirt 776,5333120,3.7,3,S,Women,2026-05-19T07:45:04.629615
Hoodie 777,6104800,3.4,3,M,Unisex,2026-05-19T07:45:04.629746
Pants 778,6034720,4.2,3,L,Men,2026-05-19T07:45:04.629859
Outerwear 779,5816480,3.2,3,XL,Women,2026-05-19T07:45:04.629953
Jacket 780,2767520,3.4,3,XXL,Unisex,2026-05-19T07:45:04.630045
T-shirt 782,4117440,4.5,3,M,Women,2026-05-19T07:45:05.757342
Hoodie 783,2510720,3,3,L,Unisex,2026-05-19T07:45:05.757438
Pants 784,5341280,3,3,XL,Men,2026-05-19T07:45:05.757531
Outerwear 785,6444480,4.3,3,XXL,Women,2026-05-19T07:45:05.757623
Jacket 786,6749280,5,3,S,Unisex,2026-05-19T07:45:05.757715
Crewneck 787,4593600,4.7,3,M,Men,2026-05-19T07:45:05.757828
T-shirt 788,3041120,4.7,3,L,Women,2026-05-19T07:45:05.757921
Hoodie 789,2153280,4,3,XL,Unisex,2026-05-19T07:45:05.758012
Pants 790,1708320,3.2,3,XXL,Men,2026-05-19T07:45:05.758103
Jacket 792,4068960,3.8,3,M,Unisex,2026-05-19T07:45:05.758283
Crewneck 793,8650080,4,3,L,Men,2026-05-19T07:45:05.758373
T-shirt 794,5983040,4,3,XL,Women,2026-05-19T07:45:05.758463
Hoodie 795,4209600,3.9,3,XXL,Unisex,2026-05-19T07:45:05.758553
Outerwear 797,2771360,4.9,3,M,Women,2026-05-19T07:45:05.758774
Jacket 798,4391040,3.4,3,L,Unisex,2026-05-19T07:45:05.758864
Crewneck 799,4048800,4.2,3,XL,Men,2026-05-19T07:45:05.758954
T-shirt 800,7433280,4.6,3,XXL,Women,2026-05-19T07:45:05.759043
Pants 802,5710240,4.4,3,M,Men,2026-05-19T07:45:06.890587
Outerwear 803,1875360,4.3,3,L,Women,2026-05-19T07:45:06.890683
Jacket 804,4459040,3.9,3,XL,Unisex,2026-05-19T07:45:06.890778
Crewneck 805,3266720,4.8,3,XXL,Men,2026-05-19T07:45:06.890871
T-shirt 806,7310560,3,3,S,Women,2026-05-19T07:45:06.890964
Hoodie 807,5016000,4.7,3,M,Unisex,2026-05-19T07:45:06.891056
Pants 808,8717760,3.2,3,L,Men,2026-05-19T07:45:06.891147
Outerwear 809,7162560,3.7,3,XL,Women,2026-05-19T07:45:06.891237
Jacket 810,3796640,4.8,3,XXL,Unisex,2026-05-19T07:45:06.891327
T-shirt 812,6406080,4.2,3,M,Women,2026-05-19T07:45:06.891508
Hoodie 813,4872800,5,3,L,Unisex,2026-05-19T07:45:06.891599
Pants 814,1110080,4.7,3,XL,Men,2026-05-19T07:45:06.891689
Outerwear 815,5985440,4.8,3,XXL,Women,2026-05-19T07:45:06.891780
Jacket 816,1649120,4.5,3,S,Unisex,2026-05-19T07:45:06.891871
Crewneck 817,8744160,4.4,3,M,Men,2026-05-19T07:45:06.891961
T-shirt 818,5160320,3.8,3,L,Women,2026-05-19T07:45:06.892052
Hoodie 819,4742400,4.7,3,XL,Unisex,2026-05-19T07:45:06.892143
Pants 820,6030720,3.4,3,XXL,Men,2026-05-19T07:45:06.892234
Jacket 822,838240,4.2,3,M,Unisex,2026-05-19T07:45:08.018734
Crewneck 823,6103520,4.7,3,L,Men,2026-05-19T07:45:08.018830
T-shirt 824,3301440,4.1,3,XL,Women,2026-05-19T07:45:08.018923
Hoodie 825,1058400,3.8,3,XXL,Unisex,2026-05-19T07:45:08.019016
Outerwear 827,7091040,4.8,3,M,Women,2026-05-19T07:45:08.019200
Jacket 828,2324000,4.6,3,L,Unisex,2026-05-19T07:45:08.019291
Crewneck 829,4630400,4.4,3,XL,Men,2026-05-19T07:45:08.019381
T-shirt 830,4496480,3,3,XXL,Women,2026-05-19T07:45:08.019473
Pants 832,3955360,4.6,3,M,Men,2026-05-19T07:45:08.019681
Outerwear 833,7101280,3,3,L,Women,2026-05-19T07:45:08.019773
Jacket 834,7223680,3.1,3,XL,Unisex,2026-05-19T07:45:08.019888
Crewneck 835,7143360,3.9,3,XXL,Men,2026-05-19T07:45:08.020002
T-shirt 836,6065440,4.1,3,S,Women,2026-05-19T07:45:08.020093
Hoodie 837,5532640,5,3,M,Unisex,2026-05-19T07:45:08.020184
Pants 838,2848800,3.1,3,L,Men,2026-05-19T07:45:08.020322
Outerwear 839,4208320,3.9,3,XL,Women,2026-05-19T07:45:08.020417
Jacket 840,8164640,3.6,3,XXL,Unisex,2026-05-19T07:45:08.020534
T-shirt 842,2859040,3.3,3,M,Women,2026-05-19T07:45:09.179798
Hoodie 843,2997120,3.6,3,L,Unisex,2026-05-19T07:45:09.179893
Pants 844,7422880,3.9,3,XL,Men,2026-05-19T07:45:09.179986
Outerwear 845,2023200,3.2,3,XXL,Women,2026-05-19T07:45:09.180077
Jacket 846,7480480,3.6,3,S,Unisex,2026-05-19T07:45:09.180167
Crewneck 847,4789920,3.7,3,M,Men,2026-05-19T07:45:09.180257
T-shirt 848,6134240,4.1,3,L,Women,2026-05-19T07:45:09.180349
Hoodie 849,7816160,3.5,3,XL,Unisex,2026-05-19T07:45:09.180440
Pants 850,4144160,4.2,3,XXL,Men,2026-05-19T07:45:09.180530
Jacket 852,2777280,4.1,3,M,Unisex,2026-05-19T07:45:09.180709
Crewneck 853,2643840,3.4,3,L,Men,2026-05-19T07:45:09.180799
T-shirt 854,1600000,4.5,3,XL,Women,2026-05-19T07:45:09.180889
Hoodie 855,3249760,5,3,XXL,Unisex,2026-05-19T07:45:09.180978
Outerwear 857,4532800,3,3,M,Women,2026-05-19T07:45:09.181158
Jacket 858,3748640,3.7,3,L,Unisex,2026-05-19T07:45:09.181248
Crewneck 859,6418560,3,3,XL,Men,2026-05-19T07:45:09.181341
T-shirt 860,2419360,4.7,3,XXL,Women,2026-05-19T07:45:09.181432
Pants 862,4131360,3.3,3,M,Men,2026-05-19T07:45:10.249838
Outerwear 863,1071360,4,3,L,Women,2026-05-19T07:45:10.249935
Jacket 864,2168000,4.5,3,XL,Unisex,2026-05-19T07:45:10.250030
Crewneck 865,6805120,3.9,3,XXL,Men,2026-05-19T07:45:10.250124
T-shirt 866,2399040,3.2,3,S,Women,2026-05-19T07:45:10.250217
Hoodie 867,1303840,3.3,3,M,Unisex,2026-05-19T07:45:10.250310
Pants 868,7473760,4.6,3,L,Men,2026-05-19T07:45:10.250401
Outerwear 869,6040320,4.5,3,XL,Women,2026-05-19T07:45:10.250492
Jacket 870,6395040,3.5,3,XXL,Unisex,2026-05-19T07:45:10.250583
T-shirt 872,1343680,4.3,3,M,Women,2026-05-19T07:45:10.250787
Hoodie 873,8321600,4.8,3,L,Unisex,2026-05-19T07:45:10.250879
Pants 874,2755200,4.4,3,XL,Men,2026-05-19T07:45:10.250969
Outerwear 875,2506720,4.6,3,XXL,Women,2026-05-19T07:45:10.251059
Jacket 876,3225760,4.6,3,S,Unisex,2026-05-19T07:45:10.251150
Crewneck 877,4552640,4.6,3,M,Men,2026-05-19T07:45:10.251240
T-shirt 878,4809760,4.7,3,L,Women,2026-05-19T07:45:10.251331
Hoodie 879,1026880,3.1,3,XL,Unisex,2026-05-19T07:45:10.251421
Pants 880,6497760,4.3,3,XXL,Men,2026-05-19T07:45:10.251512
Jacket 882,6420960,3.3,3,M,Unisex,2026-05-19T07:45:11.314371
Crewneck 883,5901120,3.6,3,L,Men,2026-05-19T07:45:11.314467
T-shirt 884,7414720,4.3,3,XL,Women,2026-05-19T07:45:11.314562
Hoodie 885,4760640,3.4,3,XXL,Unisex,2026-05-19T07:45:11.314656
Outerwear 887,7806400,3.8,3,M,Women,2026-05-19T07:45:11.314840
Jacket 888,7869280,4.2,3,L,Unisex,2026-05-19T07:45:11.314932
Crewneck 889,6333920,4.6,3,XL,Men,2026-05-19T07:45:11.315049
T-shirt 890,6439040,4.7,3,XXL,Women,2026-05-19T07:45:11.315147
Pants 892,8515360,4.4,3,M,Men,2026-05-19T07:45:11.315330
Outerwear 893,2673600,3.2,3,L,Women,2026-05-19T07:45:11.315420
Jacket 894,2946560,4.8,3,XL,Unisex,2026-05-19T07:45:11.315512
Crewneck 895,1126720,4.3,3,XXL,Men,2026-05-19T07:45:11.315603
T-shirt 896,7873760,4.9,3,S,Women,2026-05-19T07:45:11.315694
Hoodie 897,6077920,3.1,3,M,Unisex,2026-05-19T07:45:11.315784
Pants 898,8408640,4.1,3,L,Men,2026-05-19T07:45:11.315877
Outerwear 899,6192960,4.8,3,XL,Women,2026-05-19T07:45:11.315968
Jacket 900,7214240,3.3,3,XXL,Unisex,2026-05-19T07:45:11.316060
T-shirt 902,3164000,3.6,3,M,Women,2026-05-19T07:45:12.419701
Hoodie 903,2617920,4.1,3,L,Unisex,2026-05-19T07:45:12.419802
Pants 904,3356320,3.9,3,XL,Men,2026-05-19T07:45:12.419903
Outerwear 905,5027840,4.9,3,XXL,Women,2026-05-19T07:45:12.419999
Jacket 906,4301760,3.9,3,S,Unisex,2026-05-19T07:45:12.420097
Crewneck 907,8732640,4.9,3,M,Men,2026-05-19T07:45:12.420197
T-shirt 908,7954880,4.2,3,L,Women,2026-05-19T07:45:12.420297
Hoodie 909,8383840,3.6,3,XL,Unisex,2026-05-19T07:45:12.420395
Pants 910,2395200,4.7,3,XXL,Men,2026-05-19T07:45:12.420491
Jacket 912,7853280,4.9,3,M,Unisex,2026-05-19T07:45:12.420712
Crewneck 913,3222240,3.5,3,L,Men,2026-05-19T07:45:12.420811
T-shirt 914,5799200,4.6,3,XL,Women,2026-05-19T07:45:12.420907
Hoodie 915,2649120,4.2,3,XXL,Unisex,2026-05-19T07:45:12.421004
Outerwear 917,6061600,4,3,M,Women,2026-05-19T07:45:12.421197
Jacket 918,5380800,3.3,3,L,Unisex,2026-05-19T07:45:12.421291
Crewneck 919,8364000,4.7,3,XL,Men,2026-05-19T07:45:12.421387
T-shirt 920,3706080,3.2,3,XXL,Women,2026-05-19T07:45:12.421482
Pants 922,1210880,4.4,3,M,Men,2026-05-19T07:45:13.489626
Outerwear 923,2435840,3.7,3,L,Women,2026-05-19T07:45:13.489722
Jacket 924,3764320,3.8,3,XL,Unisex,2026-05-19T07:45:13.489817
Crewneck 925,7900800,4.5,3,XXL,Men,2026-05-19T07:45:13.489912
T-shirt 926,1911040,4.6,3,S,Women,2026-05-19T07:45:13.490005
Hoodie 927,7706400,3.5,3,M,Unisex,2026-05-19T07:45:13.490099
Pants 928,3911680,3.4,3,L,Men,2026-05-19T07:45:13.490191
Outerwear 929,1253440,3.3,3,XL,Women,2026-05-19T07:45:13.490284
Jacket 930,1741120,4.9,3,XXL,Unisex,2026-05-19T07:45:13.490375
T-shirt 932,5937600,4.2,3,M,Women,2026-05-19T07:45:13.490556
Hoodie 933,4960800,3.4,3,L,Unisex,2026-05-19T07:45:13.490647
Pants 934,2248160,3.6,3,XL,Men,2026-05-19T07:45:13.490738
Outerwear 935,6048000,4.1,3,XXL,Women,2026-05-19T07:45:13.490828
Jacket 936,6165440,3.1,3,S,Unisex,2026-05-19T07:45:13.490919
Crewneck 937,2475360,4.1,3,M,Men,2026-05-19T07:45:13.491011
T-shirt 938,4058400,3.6,3,L,Women,2026-05-19T07:45:13.491102
Hoodie 939,4466080,4.8,3,XL,Unisex,2026-05-19T07:45:13.491192
Pants 940,5776000,3.7,3,XXL,Men,2026-05-19T07:45:13.491283
Jacket 942,7972960,3,3,M,Unisex,2026-05-19T07:45:14.699188
Crewneck 943,4571040,4.4,3,L,Men,2026-05-19T07:45:14.699285
T-shirt 944,1578240,4.6,3,XL,Women,2026-05-19T07:45:14.699398
Hoodie 945,2107680,4.2,3,XXL,Unisex,2026-05-19T07:45:14.699495
Outerwear 947,7079680,4.6,3,M,Women,2026-05-19T07:45:14.699681
Jacket 948,4600480,3.9,3,L,Unisex,2026-05-19T07:45:14.699773
Crewneck 949,1844320,4.4,3,XL,Men,2026-05-19T07:45:14.699866
T-shirt 950,7691680,4.9,3,XXL,Women,2026-05-19T07:45:14.699960
Pants 952,7155040,3.7,3,M,Men,2026-05-19T07:45:14.700170
Outerwear 953,8423200,3.8,3,L,Women,2026-05-19T07:45:14.700264
Jacket 954,3878720,4.1,3,XL,Unisex,2026-05-19T07:45:14.700358
Crewneck 955,7006560,4.7,3,XXL,Men,2026-05-19T07:45:14.700451
T-shirt 956,4457600,3.1,3,S,Women,2026-05-19T07:45:14.700556
Hoodie 957,4024320,4.4,3,M,Unisex,2026-05-19T07:45:14.700711
Pants 958,3946240,4.8,3,L,Men,2026-05-19T07:45:14.700855
Outerwear 959,6828480,4.6,3,XL,Women,2026-05-19T07:45:14.700977
Jacket 960,5840160,4.5,3,XXL,Unisex,2026-05-19T07:45:14.701073
T-shirt 962,2887840,4.1,3,M,Women,2026-05-19T07:45:15.821446
Hoodie 963,7916160,4.6,3,L,Unisex,2026-05-19T07:45:15.821543
Pants 964,3885280,3.3,3,XL,Men,2026-05-19T07:45:15.821637
Outerwear 965,3107200,4.5,3,XXL,Women,2026-05-19T07:45:15.821729
Jacket 966,8499520,4.9,3,S,Unisex,2026-05-19T07:45:15.821821
Crewneck 967,1744000,3.5,3,M,Men,2026-05-19T07:45:15.821911
T-shirt 968,4045120,4.4,3,L,Women,2026-05-19T07:45:15.822002
Hoodie 969,4231840,3.8,3,XL,Unisex,2026-05-19T07:45:15.822093
Pants 970,952960,4.6,3,XXL,Men,2026-05-19T07:45:15.822183
Jacket 972,7272000,4.4,3,M,Unisex,2026-05-19T07:45:15.822394
Crewneck 973,7134400,3.9,3,L,Men,2026-05-19T07:45:15.822486
T-shirt 974,4769280,3,3,XL,Women,2026-05-19T07:45:15.822579
Hoodie 975,4816000,3.6,3,XXL,Unisex,2026-05-19T07:45:15.822669
Outerwear 977,3356000,3.6,3,M,Women,2026-05-19T07:45:15.822849
Jacket 978,3918240,3.6,3,L,Unisex,2026-05-19T07:45:15.822940
Crewneck 979,4848480,3.4,3,XL,Men,2026-05-19T07:45:15.823031
T-shirt 980,6544000,3.1,3,XXL,Women,2026-05-19T07:45:15.823122
Pants 982,7281760,4.9,3,M,Men,2026-05-19T07:45:16.885641
Outerwear 983,5762560,3.2,3,L,Women,2026-05-19T07:45:16.885736
Jacket 984,7349440,3.8,3,XL,Unisex,2026-05-19T07:45:16.885829
Crewneck 985,6236000,4.3,3,XXL,Men,2026-05-19T07:45:16.885922
T-shirt 986,6713760,4.5,3,S,Women,2026-05-19T07:45:16.886012
Hoodie 987,4008000,4.7,3,M,Unisex,2026-05-19T07:45:16.886103
Pants 988,2054240,3.5,3,L,Men,2026-05-19T07:45:16.886194
Outerwear 989,6869440,4.2,3,XL,Women,2026-05-19T07:45:16.886288
Jacket 990,3327360,4.2,3,XXL,Unisex,2026-05-19T07:45:16.886381
T-shirt 992,4840480,4.9,3,M,Women,2026-05-19T07:45:16.886565
Hoodie 993,6361920,3.4,3,L,Unisex,2026-05-19T07:45:16.886657
Pants 994,1693760,4.4,3,XL,Men,2026-05-19T07:45:16.886749
Outerwear 995,8046720,3.2,3,XXL,Women,2026-05-19T07:45:16.886840
Jacket 996,6942400,4.3,3,S,Unisex,2026-05-19T07:45:16.886931
Crewneck 997,5321280,3.9,3,M,Men,2026-05-19T07:45:16.887022
T-shirt 998,908000,4.2,3,L,Women,2026-05-19T07:45:16.887113
Hoodie 999,8534240,4.8,3,XL,Unisex,2026-05-19T07:45:16.887204
Pants 1000,2938240,4.7,3,XXL,Men,2026-05-19T07:45:16.887295